SET SQL_MODE="NO_AUTO_VALUE_ON_ZERO";
SET time_zone = "+00:00";

/*!40101 SET @OLD_CHARACTER_SET_CLIENT=@@CHARACTER_SET_CLIENT */;
/*!40101 SET @OLD_CHARACTER_SET_RESULTS=@@CHARACTER_SET_RESULTS */;
/*!40101 SET @OLD_COLLATION_CONNECTION=@@COLLATION_CONNECTION */;
/*!40101 SET NAMES utf8 */;


INSERT INTO `level` (`lid`, `levelcollection`, `name`, `createtime`, `savedtime`, `order`, `theme`, `hardness`) VALUES
(26, NULL, 'Saved Level', '2012-05-26 12:24:09', '2012-09-20 20:18:36', NULL, 'Night', 1.50),
(22, 1, 'Magnetism', '2012-05-23 14:51:09', '2012-09-17 14:55:51', 4, 'Day', 1.31),
(21, 1, 'Shake 3', '2012-05-23 14:51:07', '2012-09-17 14:55:08', 3, 'Day', 1.82),
(20, 1, 'Level 2', '2012-05-23 14:51:03', '2012-09-20 14:43:29', 2, 'Day', 1.77),
(19, 1, 'The first shakes', '2012-05-23 14:51:01', '2012-09-20 14:39:58', 1, 'Day', 1.46),
(24, NULL, 'Saved Level', '2012-05-26 11:55:10', '2012-09-20 20:17:08', NULL, 'Day', 1.45),
(25, NULL, 'Saved Level', '2012-05-26 12:17:33', '2012-09-06 14:28:47', NULL, 'Day', 2.37),
(27, NULL, 'Saved Level', '2012-05-26 12:29:54', '2012-09-19 17:50:37', NULL, 'Night', 1.21),
(28, NULL, 'Saved Level', '2012-05-27 20:01:34', '2012-09-17 14:52:04', NULL, 'Night', 1.05),
(29, NULL, 'Saved Level', '2012-06-02 12:07:15', '2012-09-20 20:19:07', NULL, 'Day', 1.54),
(30, NULL, 'Saved Level', '2012-06-18 19:17:06', '2012-09-20 20:17:38', NULL, 'Night', 1.50),
(31, NULL, 'Saved Level', '2012-06-18 19:43:50', '2012-09-20 20:15:03', NULL, 'Night', 1.19),
(32, NULL, 'Saved Level', '2012-06-19 20:02:27', '2012-09-19 17:48:03', NULL, 'Day', 1.05),
(33, NULL, 'Saved Level', '2012-06-19 20:05:06', '2012-09-20 20:13:07', NULL, 'Day', 1.12),
(43, NULL, 'Level test', '2012-09-17 07:15:04', '2012-09-20 20:18:07', NULL, 'Day', 1.37),
(42, NULL, 'Saved Level', '2012-06-26 16:47:07', '2012-09-20 20:16:43', NULL, 'Day', 1.47),
(41, NULL, 'Saved Level', '2012-06-24 10:13:31', '2012-09-20 20:14:09', NULL, 'Day', 1.13),
(44, NULL, 'Level test', '2012-09-19 09:42:33', '2012-09-20 20:19:39', NULL, 'Day', 1.96);

INSERT INTO `levelcollection` (`lcid`, `name`, `user`) VALUES
(1, 'Story', NULL);

INSERT INTO `levelstats` (`lsid`, `level`, `impactfactor`, `meanfalldistance`) VALUES
(4, 19, 0.00, 268.6),
(8, 19, 0.00, 232.7),
(9, 20, 0.00, 298.2),
(10, 21, 0.08, 433.5),
(11, 22, 0.00, 450.9),
(12, 19, 0.00, 246.6),
(13, 20, 0.00, 227.0),
(14, 21, 0.04, 356.5),
(15, 22, 0.07, 345.7),
(16, 19, 0.00, 247.1),
(17, 20, 0.00, 249.2),
(18, 21, 0.00, 315.0),
(19, 22, 0.00, 394.2),
(20, 24, 0.00, 316.5),
(21, 24, 0.00, 315.6),
(22, 25, 0.00, 181.5),
(23, 24, 0.14, 438.8),
(24, 25, 0.00, 213.0),
(25, 26, 0.20, 503.7),
(26, 25, 0.00, 183.3),
(27, 24, 0.29, 488.8),
(28, 26, 0.20, 450.1),
(29, 27, 0.00, 358.5),
(30, 25, 0.00, 247.6),
(31, 28, 0.00, 292.0),
(32, 25, 0.00, 240.4),
(33, 25, 0.00, 209.2),
(34, 25, 0.00, 257.1),
(35, 25, 0.00, 143.4),
(36, 25, 0.00, 219.0),
(37, 25, 0.00, 191.2),
(38, 25, 0.00, 251.4),
(39, 25, 0.00, 172.4),
(40, 25, 0.00, 193.8),
(41, 25, 0.00, 190.7),
(42, 28, 0.00, 208.6),
(43, 27, 0.00, 309.1),
(44, 24, 0.00, 293.8),
(45, 26, 0.00, 324.4),
(46, 25, 0.00, 188.4),
(47, 25, 0.00, 209.6),
(48, 28, 0.00, 186.9),
(49, 27, 0.07, 484.2),
(50, 24, 0.00, 482.8),
(51, 26, 0.40, 456.3),
(52, 25, 0.00, 161.9),
(53, 28, 0.00, 222.9),
(54, 27, 0.00, 392.9),
(55, 24, 0.00, 346.5),
(56, 26, 0.10, 486.4),
(57, 25, 0.00, 197.7),
(58, 28, 0.00, 192.4),
(59, 27, 0.07, 422.9),
(60, 24, 0.00, 299.9),
(61, 26, 0.00, 447.1),
(62, 29, 0.00, 322.4),
(63, 25, 0.00, 208.4),
(64, 28, 0.00, 195.0),
(65, 29, 0.38, 469.9),
(66, 24, 0.00, 320.5),
(67, 27, 0.14, 493.3),
(68, 25, 1.00, 636.9),
(69, 25, 0.00, 275.2),
(70, 28, 1.00, 659.8),
(71, 28, 0.00, 227.3),
(72, 25, 0.00, 184.5),
(73, 25, 0.00, 171.0),
(74, 25, 0.00, 188.5),
(75, 28, 0.00, 197.5),
(76, 24, 0.00, 465.0),
(77, 27, 0.07, 389.8),
(78, 29, 0.08, 438.8),
(79, 26, 0.30, 493.8),
(80, 25, 0.10, 302.6),
(81, 25, 0.00, 203.4),
(82, 25, 0.00, 207.9),
(83, 25, 0.00, 185.3),
(84, 25, 0.00, 191.3),
(85, 25, 0.00, 246.0),
(86, 25, 0.00, 171.6),
(87, 25, 0.40, 505.2),
(88, 25, 0.30, 463.5),
(89, 25, 0.40, 416.9),
(90, 25, 0.00, 227.4),
(91, 28, 0.00, 191.4),
(92, 24, 0.00, 421.4),
(93, 27, 0.00, 336.4),
(94, 29, 0.15, 453.7),
(95, 29, 0.00, 527.8),
(96, 26, 0.30, 460.7),
(97, 25, 0.00, 207.9),
(98, 25, 0.00, 204.1),
(99, 25, 0.00, 222.5),
(100, 25, 0.00, 225.5),
(101, 25, 0.00, 244.1),
(102, 25, 0.00, 184.0),
(103, 25, 0.00, 224.5),
(104, 25, 0.00, 205.3),
(105, 25, 0.00, 232.1),
(106, 25, 0.00, 187.8),
(107, 25, 0.00, 189.8),
(108, 28, 0.00, 201.6),
(109, 24, 0.00, 462.6),
(110, 27, 0.00, 296.7),
(111, 25, 0.00, 321.7),
(112, 25, 0.00, 283.9),
(113, 25, 0.00, 270.0),
(114, 28, 0.00, 190.9),
(115, 24, 0.29, 439.4),
(116, 24, 1.00, 642.9),
(117, 25, 0.00, 199.5),
(118, 28, 0.00, 243.6),
(119, 27, 0.00, 330.7),
(120, 24, 0.86, 632.6),
(121, 24, 0.79, 633.7),
(122, 25, 0.00, 295.0),
(123, 25, 0.00, 217.6),
(124, 25, 0.00, 234.3),
(125, 25, 0.00, 219.2),
(126, 25, 0.00, 309.1),
(127, 25, 0.00, 201.6),
(128, 25, 0.00, 291.5),
(129, 28, 0.00, 270.3),
(130, 27, 0.21, 543.7),
(131, 29, 0.85, 633.5),
(132, 29, 0.77, 616.4),
(133, 29, 0.46, 553.3),
(134, 25, 0.00, 289.4),
(135, 28, 0.00, 357.6),
(136, 27, 0.14, 483.5),
(137, 26, 0.30, 511.9),
(138, 25, 0.00, 260.0),
(139, 28, 0.00, 288.2),
(140, 27, 0.07, 424.8),
(141, 24, 0.00, 273.0),
(142, 26, 0.30, 536.3),
(143, 29, 0.15, 402.4),
(144, 30, 0.07, 429.6),
(145, 25, 0.00, 183.4),
(146, 28, 0.00, 189.8),
(147, 27, 0.00, 304.4),
(148, 30, 0.00, 362.5),
(149, 24, 0.00, 299.0),
(150, 26, 0.00, 457.7),
(151, 29, 0.00, 392.5),
(152, 25, 0.00, 226.0),
(153, 25, 0.00, 207.8),
(154, 31, 0.00, 301.5),
(155, 25, 0.00, 231.1),
(156, 28, 0.00, 190.2),
(157, 31, 0.00, 392.0),
(158, 25, 0.00, 194.4),
(159, 25, 0.00, 259.4),
(160, 28, 0.00, 270.1),
(161, 31, 0.00, 356.0),
(162, 30, 0.07, 411.1),
(163, 27, 0.14, 407.9),
(164, 24, 0.43, 535.7),
(165, 25, 0.00, 218.4),
(166, 28, 0.10, 313.6),
(167, 31, 0.00, 346.6),
(168, 30, 0.07, 350.7),
(169, 27, 0.29, 460.8),
(170, 24, 0.64, 612.4),
(171, 25, 0.00, 225.4),
(172, 32, 0.00, 286.6),
(173, 33, 0.07, 331.9),
(174, 25, 0.00, 191.8),
(175, 32, 0.00, 261.1),
(176, 28, 0.00, 219.9),
(177, 31, 0.00, 459.0),
(178, 33, 0.00, 269.9),
(179, 30, 0.36, 491.0),
(180, 30, 0.00, 480.0),
(181, 27, 0.00, 324.1),
(182, 24, 0.00, 367.1),
(183, 26, 0.10, 494.4),
(184, 29, 0.00, 442.2),
(185, 25, 0.00, 237.7),
(186, 25, 0.00, 200.8),
(187, 32, 0.00, 316.8),
(188, 28, 0.00, 371.5),
(189, 33, 0.00, 414.1),
(190, 31, 0.00, 437.2),
(191, 27, 0.00, 316.8),
(192, 30, 0.43, 508.2),
(193, 25, 0.00, 211.1),
(194, 32, 0.00, 249.6),
(195, 28, 0.00, 223.2),
(196, 33, 0.00, 218.2),
(197, 31, 0.00, 280.8),
(198, 27, 0.07, 332.7),
(199, 30, 0.07, 465.8),
(200, 24, 0.00, 380.2),
(201, 26, 0.10, 421.5),
(202, 29, 0.00, 420.2),
(203, 34, 0.00, 191.9),
(204, 35, 0.00, 192.7),
(205, 36, 0.00, 125.0),
(206, 37, 0.00, 281.7),
(207, 38, 0.00, 128.0),
(208, 39, 0.00, 187.5),
(209, 40, 0.00, 125.5),
(210, 41, 0.00, 234.2),
(211, 41, 0.00, 250.0),
(212, 25, 0.00, 214.7),
(213, 32, 0.00, 326.5),
(214, 28, 0.00, 291.0),
(215, 33, 0.00, 335.6),
(216, 31, 0.00, 341.2),
(217, 27, 0.00, 323.4),
(218, 30, 0.36, 533.2),
(219, 30, 0.00, 446.8),
(220, 24, 0.00, 351.6),
(221, 26, 0.10, 495.8),
(222, 29, 0.00, 437.8),
(223, 41, 1.00, 656.7),
(224, 41, 0.53, 583.5),
(225, 25, 1.00, 658.6),
(226, 25, 1.00, 622.1),
(227, 25, 0.00, 185.8),
(228, 32, 0.00, 384.2),
(229, 28, 0.86, 642.1),
(230, 28, 0.00, 304.1),
(231, 25, 1.00, 646.5),
(232, 42, 0.00, 445.2),
(233, 25, 0.00, 264.3),
(234, 32, 0.00, 292.0),
(235, 33, 0.00, 371.5),
(236, 28, 0.00, 246.8),
(237, 31, 0.14, 436.0),
(238, 25, 0.00, 179.2),
(239, 32, 0.00, 271.2),
(240, 25, 0.00, 204.5),
(241, 32, 0.00, 313.5),
(242, 25, 0.00, 199.6),
(243, 25, 0.00, 178.5),
(244, 25, 0.00, 188.1),
(245, 32, 0.00, 272.5),
(246, 25, 0.00, 224.0),
(247, 25, 0.00, 224.0),
(248, 25, 0.00, 224.0),
(249, 25, 0.00, 224.0),
(250, 25, 0.00, 224.0),
(251, 25, 0.00, 224.0),
(252, 25, 0.00, 218.5),
(253, 25, 0.00, 218.5),
(254, 25, 0.00, 218.5),
(255, 25, 0.00, 218.5),
(256, 25, 0.00, 218.5),
(257, 25, 0.00, 218.5),
(258, 25, 0.00, 245.2),
(259, 25, 0.10, 271.5),
(260, 25, 0.10, 271.5),
(261, 25, 0.10, 271.5),
(262, 25, 0.10, 271.5),
(263, 25, 0.10, 271.5),
(264, 25, 0.10, 271.5),
(265, 25, 0.00, 202.1),
(266, 25, 0.00, 229.9),
(267, 25, 0.00, 172.8),
(268, 25, 1.00, 783.5),
(269, 25, 0.00, 193.5),
(270, 25, 0.00, 211.5),
(271, 25, 0.00, 200.9),
(272, 32, 0.07, 349.7),
(273, 25, 0.00, 224.5),
(274, 32, 0.00, 262.2),
(275, 25, 0.00, 217.0),
(276, 32, 0.00, 246.8),
(277, 28, 0.00, 198.7),
(278, 33, 0.00, 213.3),
(279, 31, 0.00, 285.2),
(280, 27, 0.07, 363.3),
(281, 42, 0.00, 401.6),
(282, 30, 0.00, 345.5),
(283, 24, 0.00, 318.2),
(284, 26, 0.00, 433.2),
(285, 29, 0.00, 384.9),
(286, 41, 0.00, 340.2),
(287, 25, 0.00, 251.0),
(288, 25, 0.00, 330.1),
(289, 25, 0.00, 180.2),
(290, 25, 0.00, 270.1),
(291, 32, 0.00, 299.0),
(292, 25, 0.00, 176.7),
(293, 25, 0.00, 198.9),
(294, 25, 0.00, 181.8),
(295, 25, 0.00, 191.5),
(296, 25, 0.00, 318.3),
(297, 33, 0.00, 310.9),
(298, 24, 0.33, 560.4),
(299, 26, 0.00, 390.2),
(300, 41, 0.00, 340.3),
(301, 25, 0.00, 298.2),
(302, 25, 0.00, 224.4),
(303, 32, 0.13, 999.9),
(304, 33, 0.00, 233.8),
(305, 25, 0.00, 307.7),
(306, 33, 0.00, 258.6),
(307, 25, 0.00, 225.2),
(308, 33, 1.00, 664.7),
(309, 25, 0.00, 226.5),
(310, 25, 0.00, 204.0),
(311, 28, 0.00, 234.4),
(312, 32, 0.00, 290.9),
(313, 31, 0.00, 295.7),
(314, 33, 0.00, 308.3),
(315, 42, 0.15, 449.6),
(316, 27, 0.00, 350.9),
(317, 30, 0.07, 386.1),
(318, 24, 0.14, 408.9),
(319, 26, 0.30, 517.9),
(320, 41, 0.00, 225.0),
(321, 29, 0.31, 480.2),
(322, 25, 0.00, 256.6),
(323, 25, 0.10, 396.5),
(324, 28, 0.05, 317.2),
(325, 32, 0.00, 340.1),
(326, 31, 1.00, 670.4),
(327, 25, 0.00, 229.2),
(328, 28, 0.00, 209.3),
(329, 32, 0.00, 246.2),
(330, 25, 0.00, 191.0),
(331, 25, 0.00, 280.7),
(332, 25, 0.10, 373.4),
(333, 25, 0.00, 455.7),
(334, 25, 0.00, 346.0),
(335, 28, 0.00, 278.7),
(336, 32, 0.00, 385.1),
(337, 33, 0.00, 359.6),
(338, 27, 0.00, 424.7),
(339, 31, 0.00, 428.9),
(340, 42, 0.15, 474.4),
(341, 30, 0.07, 486.9),
(342, 25, 0.00, 216.3),
(343, 28, 0.05, 314.7),
(344, 32, 0.00, 315.9),
(345, 33, 0.00, 236.5),
(346, 27, 0.07, 373.6),
(347, 31, 0.00, 446.4),
(348, 42, 0.15, 452.9),
(349, 30, 0.14, 426.6),
(350, 41, 0.00, 243.1),
(351, 24, 0.00, 309.3),
(352, 26, 0.10, 485.4),
(353, 29, 0.00, 353.6),
(354, 25, 0.40, 439.0),
(355, 25, 1.00, 667.4),
(356, 25, 0.70, 575.3),
(357, 25, 0.00, 235.7),
(358, 25, 1.00, 622.5),
(359, 25, 0.00, 292.5),
(360, 25, 1.00, 634.2),
(361, 28, 0.00, 192.9),
(362, 28, 0.05, 228.4),
(363, 28, 0.00, 196.5),
(364, 25, 1.00, 762.8),
(365, 28, 0.00, 175.3),
(366, 25, 1.00, 765.2),
(367, 28, 1.00, 748.2),
(368, 25, 0.10, 425.0),
(369, 28, 0.00, 347.0),
(370, 28, 0.00, 260.7),
(371, 28, 1.00, 657.9),
(372, 25, 0.00, 349.8),
(373, 32, 0.00, 393.2),
(374, 25, 0.00, 239.3),
(375, 32, 0.00, 234.1),
(376, 28, 0.00, 232.3),
(377, 33, 0.00, 230.4),
(378, 27, 0.00, 233.8),
(379, 31, 0.00, 233.7),
(380, 41, 0.00, 177.9),
(381, 42, 0.00, 233.5),
(382, 30, 0.00, 237.4),
(383, 24, 0.00, 230.0),
(384, 26, 0.00, 240.4),
(385, 29, 0.00, 239.0),
(386, 25, 0.00, 225.7),
(387, 25, 0.00, 188.5),
(388, 32, 0.00, 283.9),
(389, 25, 0.00, 192.5),
(390, 32, 0.00, 232.5),
(391, 25, 0.00, 395.7),
(392, 32, 0.80, 631.8),
(393, 25, 1.00, 668.0),
(394, 25, 0.00, 212.2),
(395, 25, 0.00, 238.1),
(396, 25, 0.10, 289.4),
(397, 25, 0.30, 452.5),
(398, 25, 0.00, 187.1),
(399, 25, 0.00, 304.2),
(400, 25, 0.00, 190.9),
(401, 25, 0.00, 189.3),
(402, 25, 0.00, 220.9),
(403, 25, 0.00, 293.1),
(404, 25, 0.00, 201.6),
(405, 25, 0.00, 247.6),
(406, 25, 0.00, 186.5),
(407, 25, 0.00, 208.2),
(408, 25, 0.00, 207.3),
(409, 28, 0.00, 276.2),
(410, 25, 0.00, 187.3),
(411, 25, 1.00, 624.0),
(412, 25, 0.00, 259.3),
(413, 28, 0.00, 220.2),
(414, 25, 0.00, 263.2),
(415, 25, 0.00, 181.1),
(416, 28, 0.00, 246.0),
(417, 33, 0.00, 338.1),
(418, 32, 0.00, 263.4),
(419, 25, 0.00, 253.0),
(420, 25, 0.00, 205.8),
(421, 28, 0.10, 417.1),
(422, 25, 0.90, 593.6),
(423, 25, 1.00, 659.6),
(424, 25, 0.40, 513.9),
(425, 28, 0.76, 615.1),
(426, 25, 0.00, 290.7),
(427, 33, 0.07, 303.4),
(428, 25, 0.00, 247.9),
(429, 25, 0.00, 221.9),
(430, 25, 0.00, 286.8),
(431, 25, 0.10, 302.8),
(432, 33, 0.00, 303.4),
(433, 32, 0.00, 283.6),
(434, 28, 0.00, 250.0),
(435, 27, 0.21, 460.2),
(436, 31, 0.00, 322.1),
(437, 41, 0.00, 264.2),
(438, 42, 0.15, 480.6),
(439, 30, 0.57, 569.7),
(440, 25, 0.00, 208.4),
(441, 33, 0.00, 231.4),
(442, 25, 0.00, 192.5),
(443, 25, 0.00, 278.8),
(444, 33, 0.00, 282.8),
(445, 32, 0.00, 286.1),
(446, 28, 0.00, 288.3),
(447, 25, 0.00, 343.4),
(448, 25, 0.00, 273.8),
(449, 33, 0.00, 324.5),
(450, 32, 0.00, 313.1),
(451, 25, 0.10, 307.0),
(452, 33, 0.00, 324.4),
(453, 25, 0.00, 304.8),
(454, 33, 0.14, 421.8),
(455, 25, 0.00, 184.7),
(456, 25, 0.00, 362.8),
(457, 25, 0.40, 423.2),
(458, 25, 0.00, 312.0),
(459, 25, 1.00, 657.2),
(460, 25, 0.00, 198.1),
(461, 25, 0.20, 467.4),
(462, 25, 0.00, 483.3),
(463, 25, 1.00, 657.3),
(464, 25, 1.00, 656.8),
(465, 25, 1.00, 656.8),
(466, 25, 1.00, 656.8),
(467, 25, 1.00, 656.8),
(468, 25, 1.00, 656.8),
(469, 25, 1.00, 656.8),
(470, 25, 1.00, 656.8),
(471, 25, 1.00, 656.8),
(472, 25, 1.00, 656.8),
(473, 25, 1.00, 656.8),
(474, 25, 1.00, 656.8),
(475, 25, 1.00, 656.8),
(476, 25, 1.00, 656.8),
(477, 25, 1.00, 656.8),
(478, 25, 1.00, 656.8),
(479, 25, 1.00, 656.8),
(480, 25, 1.00, 656.8),
(481, 25, 1.00, 656.8),
(482, 25, 1.00, 656.8),
(483, 25, 1.00, 656.8),
(484, 25, 1.00, 656.8),
(485, 25, 1.00, 656.8),
(486, 25, 1.00, 656.8),
(487, 25, 1.00, 656.8),
(488, 25, 1.00, 656.8),
(489, 25, 1.00, 656.8),
(490, 25, 1.00, 656.8),
(491, 25, 1.00, 656.8),
(492, 25, 1.00, 656.8),
(493, 25, 1.00, 656.8),
(494, 25, 1.00, 656.8),
(495, 25, 1.00, 656.8),
(496, 25, 1.00, 656.8),
(497, 25, 1.00, 656.8),
(498, 25, 1.00, 656.8),
(499, 25, 1.00, 656.8),
(500, 25, 1.00, 656.8),
(501, 25, 1.00, 656.8),
(502, 25, 1.00, 656.8),
(503, 25, 1.00, 656.8),
(504, 25, 1.00, 656.8),
(505, 25, 1.00, 656.8),
(506, 25, 1.00, 656.8),
(507, 25, 1.00, 656.8),
(508, 25, 1.00, 656.8),
(509, 25, 1.00, 656.8),
(510, 25, 1.00, 656.8),
(511, 25, 1.00, 656.8),
(512, 25, 1.00, 656.8),
(513, 25, 1.00, 656.8),
(514, 25, 1.00, 656.8),
(515, 25, 1.00, 656.8),
(516, 25, 1.00, 656.8),
(517, 25, 1.00, 656.8),
(518, 25, 1.00, 656.8),
(519, 25, 1.00, 656.8),
(520, 25, 1.00, 656.8),
(521, 25, 1.00, 656.8),
(522, 25, 1.00, 656.8),
(523, 25, 1.00, 656.8),
(524, 25, 1.00, 656.8),
(525, 25, 1.00, 656.8),
(526, 25, 1.00, 656.8),
(527, 25, 1.00, 656.8),
(528, 25, 1.00, 656.8),
(529, 25, 1.00, 656.8),
(530, 25, 1.00, 656.8),
(531, 25, 1.00, 656.8),
(532, 25, 1.00, 656.8),
(533, 25, 1.00, 656.8),
(534, 25, 1.00, 656.8),
(535, 25, 1.00, 656.8),
(536, 25, 1.00, 656.8),
(537, 25, 1.00, 656.8),
(538, 25, 1.00, 656.8),
(539, 25, 1.00, 656.8),
(540, 25, 1.00, 656.8),
(541, 25, 1.00, 656.8),
(542, 25, 1.00, 656.8),
(543, 25, 1.00, 656.8),
(544, 25, 1.00, 656.8),
(545, 25, 1.00, 656.8),
(546, 25, 1.00, 656.8),
(547, 25, 1.00, 656.8),
(548, 25, 1.00, 656.8),
(549, 25, 1.00, 656.8),
(550, 25, 1.00, 656.8),
(551, 25, 1.00, 656.8),
(552, 25, 1.00, 656.8),
(553, 25, 1.00, 656.8),
(554, 25, 1.00, 656.8),
(555, 25, 1.00, 656.8),
(556, 25, 1.00, 656.8),
(557, 25, 1.00, 656.8),
(558, 25, 1.00, 656.8),
(559, 25, 1.00, 656.8),
(560, 25, 1.00, 656.8),
(561, 25, 1.00, 656.8),
(562, 25, 1.00, 656.8),
(563, 25, 1.00, 656.8),
(564, 25, 1.00, 656.8),
(565, 25, 1.00, 656.8),
(566, 25, 1.00, 656.8),
(567, 25, 1.00, 656.8),
(568, 25, 1.00, 656.8),
(569, 25, 1.00, 656.8),
(570, 25, 1.00, 656.8),
(571, 25, 1.00, 656.8),
(572, 25, 1.00, 656.8),
(573, 25, 1.00, 656.8),
(574, 25, 1.00, 656.8),
(575, 25, 1.00, 656.8),
(576, 25, 1.00, 656.8),
(577, 25, 1.00, 656.8),
(578, 25, 1.00, 656.8),
(579, 25, 1.00, 656.8),
(580, 25, 1.00, 656.8),
(581, 25, 1.00, 656.8),
(582, 25, 1.00, 656.8),
(583, 25, 1.00, 656.8),
(584, 25, 1.00, 656.8),
(585, 25, 1.00, 656.8),
(586, 25, 1.00, 656.8),
(587, 25, 1.00, 656.8),
(588, 25, 1.00, 656.8),
(589, 25, 1.00, 656.8),
(590, 25, 1.00, 656.8),
(591, 25, 1.00, 656.8),
(592, 25, 1.00, 656.8),
(593, 25, 1.00, 656.8),
(594, 25, 1.00, 656.8),
(595, 25, 1.00, 656.8),
(596, 25, 1.00, 656.8),
(597, 25, 1.00, 656.8),
(598, 25, 1.00, 656.8),
(599, 25, 1.00, 656.8),
(600, 25, 1.00, 656.8),
(601, 25, 1.00, 656.8),
(602, 25, 1.00, 656.8),
(603, 25, 1.00, 656.8),
(604, 25, 1.00, 656.8),
(605, 25, 1.00, 656.8),
(606, 25, 1.00, 656.8),
(607, 25, 1.00, 656.8),
(608, 25, 1.00, 656.8),
(609, 25, 1.00, 656.8),
(610, 25, 1.00, 656.8),
(611, 25, 1.00, 656.8),
(612, 25, 1.00, 656.8),
(613, 25, 1.00, 656.8),
(614, 25, 1.00, 656.8),
(615, 25, 1.00, 656.8),
(616, 25, 1.00, 656.8),
(617, 25, 1.00, 656.8),
(618, 25, 1.00, 656.8),
(619, 25, 1.00, 656.8),
(620, 25, 1.00, 656.8),
(621, 25, 1.00, 656.8),
(622, 25, 1.00, 656.8),
(623, 25, 1.00, 656.8),
(624, 25, 1.00, 656.8),
(625, 25, 1.00, 656.8),
(626, 25, 1.00, 656.8),
(627, 25, 1.00, 656.8),
(628, 25, 1.00, 656.8),
(629, 25, 1.00, 656.8),
(630, 25, 1.00, 656.8),
(631, 25, 1.00, 656.8),
(632, 25, 1.00, 656.8),
(633, 25, 1.00, 656.8),
(634, 25, 1.00, 656.8),
(635, 25, 1.00, 656.8),
(636, 25, 1.00, 656.8),
(637, 25, 1.00, 656.8),
(638, 25, 1.00, 656.8),
(639, 25, 1.00, 656.8),
(640, 25, 1.00, 656.8),
(641, 25, 1.00, 656.8),
(642, 25, 1.00, 656.8),
(643, 25, 1.00, 656.8),
(644, 25, 1.00, 656.8),
(645, 33, 1.00, 652.1),
(646, 32, 0.00, 327.2),
(647, 32, 0.00, 284.4),
(648, 28, 0.00, 225.7),
(649, 32, 0.00, 241.6),
(650, 32, 0.00, 229.2),
(651, 32, 1.00, 623.7),
(652, 28, 0.00, 223.4),
(653, 28, 0.00, 212.9),
(654, 28, 0.90, 633.6),
(655, 28, 0.67, 557.9),
(656, 32, 0.00, 248.9),
(657, 28, 0.00, 365.5),
(658, 32, 0.00, 284.1),
(659, 28, 0.00, 260.8),
(660, 33, 0.00, 364.1),
(661, 27, 0.29, 476.3),
(662, 32, 0.00, 332.6),
(663, 32, 0.00, 237.3),
(664, 28, 0.05, 418.8),
(665, 33, 0.00, 395.0),
(666, 31, 0.21, 507.5),
(667, 31, 0.07, 445.1),
(668, 27, 0.21, 520.9),
(669, 41, 0.00, 370.0),
(670, 42, 0.15, 502.3),
(671, 30, 0.07, 474.2),
(672, 24, 0.29, 501.9),
(673, 32, 0.00, 290.6),
(674, 28, 0.05, 223.6),
(675, 32, 0.00, 247.5),
(676, 32, 0.00, 345.4),
(677, 28, 0.00, 300.7),
(678, 33, 0.00, 335.7),
(679, 41, 0.00, 271.7),
(680, 27, 0.00, 366.7),
(681, 31, 0.00, 307.1),
(682, 42, 0.00, 335.6),
(683, 30, 0.00, 368.5),
(684, 24, 0.00, 333.5),
(685, 26, 0.00, 309.6),
(686, 29, 0.00, 335.9),
(687, 25, 0.00, 300.1),
(688, 32, 0.00, 323.4),
(689, 32, 0.00, 366.7),
(690, 32, 0.00, 354.0),
(691, 28, 0.05, 369.1),
(692, 32, 0.00, 234.2),
(693, 28, 0.00, 347.1),
(694, 19, 0.69, 540.5),
(695, 19, 0.00, 273.7),
(696, 20, 0.00, 333.6),
(697, 21, 0.00, 463.8),
(698, 22, 0.00, 430.8),
(699, 19, 0.00, 420.3),
(700, 20, 0.00, 253.3),
(701, 19, 1.00, 669.4),
(702, 19, 0.00, 271.9),
(703, 19, 0.00, 349.2),
(704, 20, 0.00, 247.0),
(705, 32, 0.00, 269.9),
(706, 28, 0.00, 233.8),
(707, 33, 0.00, 260.6),
(708, 41, 0.00, 205.2),
(709, 31, 0.00, 229.6),
(710, 27, 0.00, 287.2),
(711, 42, 0.15, 473.3),
(712, 30, 0.07, 449.8),
(713, 24, 0.00, 331.7),
(714, 26, 0.10, 443.8),
(715, 29, 0.00, 389.5),
(716, 25, 0.00, 198.4),
(717, 19, 0.00, 281.6),
(718, 19, 0.06, 464.8),
(719, 20, 0.00, 372.5),
(720, 19, 0.00, 227.1),
(721, 19, 0.38, 541.2),
(722, 19, 0.38, 528.0),
(723, 19, 0.31, 486.0),
(724, 19, 0.62, 588.4),
(725, 19, 0.31, 445.8),
(726, 20, 0.70, 589.8),
(727, 20, 0.75, 586.9),
(728, 19, 0.69, 605.9),
(729, 19, 0.56, 585.7),
(730, 19, 0.06, 416.7),
(731, 19, 0.06, 381.5),
(732, 19, 0.12, 455.0),
(733, 19, 0.12, 366.0),
(734, 19, 0.06, 363.8),
(735, 20, 0.00, 329.2),
(736, 21, 0.29, 531.9),
(737, 22, 0.57, 535.7),
(738, 19, 0.00, 270.5),
(739, 32, 0.00, 231.1),
(740, 28, 0.05, 334.9),
(741, 33, 0.00, 315.4),
(742, 41, 0.13, 484.3),
(743, 31, 0.00, 356.4),
(744, 27, 0.00, 394.4),
(745, 42, 0.23, 480.4),
(746, 30, 0.00, 386.1),
(747, 24, 0.00, 334.3),
(748, 26, 0.00, 371.7),
(749, 29, 0.00, 431.4),
(750, 25, 0.00, 316.4),
(751, 19, 0.31, 518.4),
(752, 19, 0.19, 551.4),
(753, 19, 0.56, 610.3),
(754, 19, 0.31, 550.0),
(755, 19, 0.56, 596.9),
(756, 19, 0.69, 607.6),
(757, 19, 0.75, 628.3),
(758, 19, 0.62, 588.2),
(759, 19, 0.00, 286.5),
(760, 20, 0.45, 530.1),
(761, 19, 0.44, 554.0),
(762, 19, 0.44, 544.7),
(763, 20, 0.25, 574.2),
(764, 20, 0.20, 534.9),
(765, 19, 0.56, 565.7),
(766, 19, 0.31, 538.9),
(767, 19, 0.75, 636.1),
(768, 19, 0.12, 344.0),
(769, 19, 0.81, 623.1),
(770, 19, 0.56, 570.1),
(771, 19, 0.12, 510.6),
(772, 19, 0.88, 641.7),
(773, 19, 0.56, 558.0),
(774, 19, 0.62, 592.5),
(775, 19, 0.62, 599.2),
(776, 19, 0.56, 580.3),
(777, 19, 0.19, 500.1),
(778, 19, 0.50, 583.3),
(779, 19, 0.69, 578.8),
(780, 19, 0.44, 559.8),
(781, 19, 0.38, 541.8),
(782, 19, 0.00, 398.6),
(783, 19, 0.50, 534.4),
(784, 19, 0.38, 523.0),
(785, 19, 0.00, 388.4),
(786, 19, 0.38, 577.6),
(787, 19, 0.12, 525.8),
(788, 19, 0.31, 543.6),
(789, 19, 0.06, 457.1),
(790, 20, 0.00, 392.6),
(791, 21, 0.33, 521.8),
(792, 19, 0.44, 578.3),
(793, 20, 0.30, 555.7),
(794, 21, 0.71, 652.5),
(795, 19, 0.00, 451.5),
(796, 20, 0.00, 427.4),
(797, 21, 0.08, 516.6),
(798, 22, 0.00, 428.4),
(799, 19, 0.12, 489.9),
(800, 20, 0.05, 449.3),
(801, 21, 0.71, 645.2),
(802, 21, 0.00, 440.9),
(803, 22, 0.00, 395.9),
(804, 19, 0.00, 263.5),
(805, 19, 0.00, 263.5),
(806, 19, 0.00, 263.5),
(807, 19, 0.00, 263.5),
(808, 19, 0.00, 263.5),
(809, 19, 0.00, 263.5),
(810, 19, 0.00, 263.5),
(811, 19, 0.00, 263.5),
(812, 19, 0.00, 263.5),
(813, 19, 0.00, 263.5),
(814, 19, 0.00, 263.5),
(815, 19, 0.00, 263.5),
(816, 19, 0.00, 263.5),
(817, 19, 0.00, 263.5),
(818, 19, 0.00, 263.5),
(819, 19, 0.00, 263.5),
(820, 19, 0.00, 263.5),
(821, 19, 0.00, 263.5),
(822, 19, 0.00, 263.5),
(823, 19, 0.00, 263.5),
(824, 19, 0.00, 263.5),
(825, 19, 0.00, 263.5),
(826, 19, 0.00, 263.5),
(827, 19, 0.00, 263.5),
(828, 19, 0.00, 263.5),
(829, 19, 0.00, 263.5),
(830, 19, 0.00, 263.5),
(831, 19, 0.00, 263.5),
(832, 19, 0.00, 263.5),
(833, 19, 0.00, 263.5),
(834, 19, 0.00, 263.5),
(835, 19, 0.00, 263.5),
(836, 19, 0.00, 263.5),
(837, 19, 0.00, 263.5),
(838, 19, 0.00, 263.5),
(839, 19, 0.00, 263.5),
(840, 19, 0.00, 263.5),
(841, 19, 0.00, 263.5),
(842, 19, 0.00, 263.5),
(843, 19, 0.00, 263.5),
(844, 19, 0.00, 263.5),
(845, 19, 0.00, 263.5),
(846, 19, 0.00, 263.5),
(847, 19, 0.00, 263.5),
(848, 19, 0.00, 263.5),
(849, 19, 0.00, 263.5),
(850, 19, 0.00, 263.5),
(851, 19, 0.00, 263.5),
(852, 19, 0.00, 263.5),
(853, 19, 0.00, 263.5),
(854, 19, 0.00, 263.5),
(855, 19, 0.00, 263.5),
(856, 19, 0.00, 263.5),
(857, 19, 0.00, 263.5),
(858, 19, 0.00, 263.5),
(859, 19, 0.00, 263.5),
(860, 19, 0.00, 263.5),
(861, 19, 0.00, 263.5),
(862, 19, 0.00, 263.5),
(863, 19, 0.00, 263.5),
(864, 19, 0.00, 263.5),
(865, 19, 0.00, 263.5),
(866, 19, 0.00, 263.5),
(867, 19, 0.00, 263.5),
(868, 19, 0.00, 263.5),
(869, 19, 0.00, 263.5),
(870, 19, 0.00, 263.5),
(871, 19, 0.00, 263.5),
(872, 19, 0.00, 263.5),
(873, 19, 0.00, 263.5),
(874, 19, 0.00, 263.5),
(875, 19, 0.00, 263.5),
(876, 19, 0.00, 263.5),
(877, 19, 0.00, 263.5),
(878, 19, 0.00, 263.5),
(879, 19, 0.00, 263.5),
(880, 19, 0.00, 263.5),
(881, 19, 0.00, 263.5),
(882, 19, 0.00, 263.5),
(883, 19, 0.00, 263.5),
(884, 19, 0.00, 263.5),
(885, 19, 0.00, 263.5),
(886, 19, 0.00, 263.5),
(887, 19, 0.00, 263.5),
(888, 19, 0.00, 263.5),
(889, 19, 0.00, 263.5),
(890, 19, 0.00, 263.5),
(891, 19, 0.00, 263.5),
(892, 19, 0.00, 263.5),
(893, 19, 0.00, 263.5),
(894, 19, 0.00, 263.5),
(895, 19, 0.00, 263.5),
(896, 19, 0.00, 263.5),
(897, 19, 0.00, 263.5),
(898, 19, 0.00, 263.5),
(899, 19, 0.00, 263.5),
(900, 19, 0.00, 263.5),
(901, 19, 0.00, 263.5),
(902, 19, 0.00, 263.5),
(903, 19, 0.00, 263.5),
(904, 19, 0.00, 263.5),
(905, 19, 0.00, 263.5),
(906, 19, 0.00, 263.5),
(907, 19, 0.00, 263.5),
(908, 19, 0.00, 263.5),
(909, 19, 0.00, 263.5),
(910, 19, 0.00, 263.5),
(911, 19, 0.00, 263.5),
(912, 19, 0.00, 263.5),
(913, 19, 0.00, 263.5),
(914, 19, 0.00, 263.5),
(915, 19, 0.00, 263.5),
(916, 19, 0.00, 263.5),
(917, 19, 0.00, 263.5),
(918, 19, 0.00, 263.5),
(919, 19, 0.00, 263.5),
(920, 19, 0.00, 263.5),
(921, 19, 0.00, 263.5),
(922, 19, 0.00, 263.5),
(923, 19, 0.00, 263.5),
(924, 19, 0.00, 263.5),
(925, 19, 0.00, 263.5),
(926, 19, 0.00, 263.5),
(927, 19, 0.00, 263.5),
(928, 19, 0.00, 263.5),
(929, 19, 0.00, 263.5),
(930, 19, 0.00, 263.5),
(931, 19, 0.00, 263.5),
(932, 19, 0.00, 263.5),
(933, 19, 0.00, 263.5),
(934, 19, 0.00, 263.5),
(935, 19, 0.00, 263.5),
(936, 19, 0.00, 263.5),
(937, 19, 0.00, 263.5),
(938, 19, 0.00, 263.5),
(939, 19, 0.00, 263.5),
(940, 19, 0.00, 263.5),
(941, 19, 0.00, 263.5),
(942, 19, 0.00, 263.5),
(943, 19, 0.00, 263.5),
(944, 19, 0.00, 263.5),
(945, 19, 0.00, 263.5),
(946, 19, 0.00, 263.5),
(947, 19, 0.00, 263.5),
(948, 19, 0.00, 263.5),
(949, 19, 0.00, 263.5),
(950, 19, 0.00, 263.5),
(951, 19, 0.00, 263.5),
(952, 19, 0.00, 263.5),
(953, 19, 0.00, 263.5),
(954, 19, 0.00, 263.5),
(955, 19, 0.00, 263.5),
(956, 19, 0.00, 263.5),
(957, 19, 0.00, 263.5),
(958, 19, 0.00, 263.5),
(959, 19, 0.00, 263.5),
(960, 19, 0.00, 263.5),
(961, 19, 0.00, 263.5),
(962, 19, 0.00, 263.5),
(963, 19, 0.00, 263.5),
(964, 19, 0.00, 263.5),
(965, 19, 0.00, 263.5),
(966, 19, 0.00, 263.5),
(967, 19, 0.00, 263.5),
(968, 19, 0.00, 263.5),
(969, 19, 0.00, 263.5),
(970, 19, 0.00, 263.5),
(971, 19, 0.00, 263.5),
(972, 19, 0.00, 263.5),
(973, 19, 0.00, 263.5),
(974, 19, 0.00, 263.5),
(975, 19, 0.00, 263.5),
(976, 19, 0.00, 263.5),
(977, 19, 0.00, 263.5),
(978, 19, 0.00, 263.5),
(979, 19, 0.00, 263.5),
(980, 19, 0.00, 263.5),
(981, 19, 0.00, 263.5),
(982, 19, 0.00, 263.5),
(983, 19, 0.00, 263.5),
(984, 19, 0.00, 263.5),
(985, 19, 0.00, 263.5),
(986, 19, 0.00, 263.5),
(987, 19, 0.00, 263.5),
(988, 19, 0.00, 263.5),
(989, 19, 0.00, 263.5),
(990, 19, 0.00, 263.5),
(991, 19, 0.00, 263.5),
(992, 19, 0.00, 263.5),
(993, 19, 0.00, 263.5),
(994, 19, 0.00, 263.5),
(995, 19, 0.00, 263.5),
(996, 19, 0.00, 263.5),
(997, 19, 0.00, 263.5),
(998, 19, 0.00, 263.5),
(999, 19, 0.00, 263.5),
(1000, 19, 0.00, 263.5),
(1001, 19, 0.00, 263.5),
(1002, 19, 0.00, 263.5),
(1003, 19, 0.00, 263.5),
(1004, 19, 0.00, 263.5),
(1005, 19, 0.00, 263.5),
(1006, 19, 0.00, 263.5),
(1007, 19, 0.00, 263.5),
(1008, 19, 0.00, 263.5),
(1009, 19, 0.00, 263.5),
(1010, 19, 0.00, 263.5),
(1011, 19, 0.00, 263.5),
(1012, 19, 0.00, 263.5),
(1013, 19, 0.00, 263.5),
(1014, 19, 0.00, 263.5),
(1015, 19, 0.00, 263.5),
(1016, 19, 0.00, 263.5),
(1017, 19, 0.00, 263.5),
(1018, 19, 0.00, 263.5),
(1019, 19, 0.00, 263.5),
(1020, 19, 0.00, 263.5),
(1021, 19, 0.00, 263.5),
(1022, 19, 1.00, 672.7),
(1023, 19, 1.00, 672.7),
(1024, 19, 1.00, 672.7),
(1025, 19, 1.00, 672.7),
(1026, 19, 1.00, 672.7),
(1027, 19, 1.00, 672.7),
(1028, 19, 1.00, 672.7),
(1029, 19, 1.00, 672.7),
(1030, 19, 1.00, 672.7),
(1031, 19, 1.00, 672.7),
(1032, 19, 1.00, 672.7),
(1033, 19, 1.00, 672.7),
(1034, 19, 1.00, 672.7),
(1035, 19, 1.00, 672.7),
(1036, 19, 1.00, 672.7),
(1037, 19, 1.00, 672.7),
(1038, 19, 1.00, 672.7),
(1039, 19, 1.00, 672.7),
(1040, 19, 1.00, 672.7),
(1041, 19, 1.00, 672.7),
(1042, 19, 1.00, 672.7),
(1043, 19, 1.00, 672.7),
(1044, 19, 1.00, 672.7),
(1045, 19, 1.00, 672.7),
(1046, 19, 1.00, 672.7),
(1047, 19, 1.00, 672.7),
(1048, 19, 1.00, 672.7),
(1049, 19, 1.00, 672.7),
(1050, 19, 1.00, 672.7),
(1051, 19, 1.00, 672.7),
(1052, 19, 1.00, 672.7),
(1053, 19, 1.00, 672.7),
(1054, 19, 1.00, 672.7),
(1055, 19, 1.00, 672.7),
(1056, 19, 1.00, 672.7),
(1057, 19, 1.00, 672.7),
(1058, 19, 1.00, 672.7),
(1059, 19, 1.00, 672.7),
(1060, 19, 1.00, 672.7),
(1061, 19, 1.00, 672.7),
(1062, 19, 1.00, 672.7),
(1063, 19, 1.00, 672.7),
(1064, 19, 1.00, 672.7),
(1065, 19, 1.00, 672.7),
(1066, 19, 1.00, 672.7),
(1067, 19, 1.00, 672.7),
(1068, 19, 1.00, 672.7),
(1069, 19, 1.00, 672.7),
(1070, 19, 1.00, 672.7),
(1071, 19, 1.00, 672.7),
(1072, 19, 1.00, 672.7),
(1073, 19, 1.00, 672.7),
(1074, 19, 1.00, 672.7),
(1075, 19, 1.00, 672.7),
(1076, 19, 1.00, 672.7),
(1077, 19, 1.00, 672.7),
(1078, 19, 1.00, 672.7),
(1079, 19, 1.00, 672.8),
(1080, 19, 0.00, 441.1),
(1081, 19, 0.00, 282.2),
(1082, 19, 0.00, 310.2),
(1083, 19, 0.00, 262.8),
(1084, 19, 0.00, 372.8),
(1085, 19, 0.00, 290.8),
(1086, 19, 0.00, 375.7),
(1087, 19, 0.00, 450.3),
(1088, 19, 1.00, 669.5),
(1089, 19, 0.00, 305.7),
(1090, 19, 0.00, 241.4),
(1091, 19, 0.00, 396.2),
(1092, 19, 0.80, 624.0),
(1093, 19, 0.06, 406.2),
(1094, 19, 0.00, 258.7),
(1095, 19, 0.00, 329.0),
(1096, 19, 0.06, 386.5),
(1097, 19, 0.00, 349.6),
(1098, 19, 1.00, 675.3),
(1099, 19, 1.00, 675.1),
(1100, 19, 0.00, 299.2),
(1101, 19, 0.00, 287.6),
(1102, 19, 0.06, 298.2),
(1103, 19, 0.00, 336.3),
(1104, 19, 0.00, 302.9),
(1105, 19, 0.00, 292.9),
(1106, 19, 0.00, 365.2),
(1107, 19, 0.00, 325.1),
(1108, 19, 0.00, 285.3),
(1109, 19, 0.19, 442.4),
(1110, 19, 0.00, 331.0),
(1111, 19, 0.00, 375.8),
(1112, 19, 0.25, 461.3),
(1113, 19, 0.06, 411.4),
(1114, 19, 0.00, 271.9),
(1115, 19, 0.00, 275.4),
(1116, 19, 0.00, 296.1),
(1117, 19, 0.00, 392.5),
(1118, 19, 0.00, 228.1),
(1119, 19, 0.00, 325.9),
(1120, 19, 0.00, 295.3),
(1121, 19, 0.00, 373.6),
(1122, 19, 0.00, 363.8),
(1123, 19, 0.00, 282.7),
(1124, 19, 0.00, 295.9),
(1125, 19, 0.00, 396.4),
(1126, 19, 0.00, 274.1),
(1127, 19, 0.00, 287.4),
(1128, 19, 0.00, 289.9),
(1129, 19, 0.00, 385.2),
(1130, 19, 0.06, 335.6),
(1131, 19, 0.00, 321.7),
(1132, 19, 0.00, 296.9),
(1133, 19, 0.00, 294.2),
(1134, 19, 0.00, 348.0),
(1135, 19, 0.00, 328.2),
(1136, 19, 0.12, 463.8),
(1137, 19, 0.00, 263.8),
(1138, 19, 0.00, 292.2),
(1139, 19, 0.00, 300.9),
(1140, 19, 0.00, 288.4),
(1141, 19, 0.00, 285.4),
(1142, 19, 0.00, 352.6),
(1143, 19, 0.00, 265.3),
(1144, 19, 0.00, 335.5),
(1145, 19, 0.00, 383.0),
(1146, 19, 0.06, 307.5),
(1147, 19, 0.00, 352.7),
(1148, 19, 0.00, 342.7),
(1149, 19, 0.00, 361.4),
(1150, 20, 0.00, 298.8),
(1151, 20, 0.85, 673.1),
(1152, 20, 0.00, 415.6),
(1153, 20, 0.20, 401.6),
(1154, 20, 0.15, 403.6),
(1155, 22, 0.00, 375.5),
(1156, 20, 0.00, 413.0),
(1157, 43, 0.00, 393.0),
(1158, 32, 1.00, 651.9),
(1159, 32, 0.00, 277.0),
(1160, 28, 0.00, 211.0),
(1161, 33, 0.07, 413.6),
(1162, 43, 0.50, 573.2),
(1163, 43, 0.00, 260.5),
(1164, 41, 0.00, 248.2),
(1165, 31, 0.00, 299.3),
(1166, 27, 0.00, 321.5),
(1167, 42, 0.00, 449.4),
(1168, 30, 0.21, 494.4),
(1169, 24, 0.00, 346.4),
(1170, 26, 0.10, 405.1),
(1171, 29, 0.00, 439.9),
(1172, 25, 0.00, 198.9),
(1173, 32, 0.07, 313.8),
(1174, 28, 0.00, 247.0),
(1175, 33, 0.14, 447.7),
(1176, 28, 0.05, 228.6),
(1177, 28, 0.00, 240.8),
(1178, 19, 0.00, 276.6),
(1179, 20, 0.00, 272.6),
(1180, 21, 0.17, 425.7),
(1181, 22, 0.00, 326.3),
(1182, 28, 0.10, 335.5),
(1183, 44, 0.00, 241.7),
(1184, 44, 1.00, 661.3),
(1185, 28, 0.00, 283.3),
(1186, 32, 0.00, 301.7),
(1187, 33, 0.00, 246.0),
(1188, 41, 0.00, 198.3),
(1189, 31, 0.00, 282.5),
(1190, 27, 0.00, 223.3),
(1191, 42, 0.00, 383.1),
(1192, 24, 0.00, 278.6),
(1193, 19, 0.00, 290.1),
(1194, 19, 0.00, 320.9),
(1195, 20, 1.00, 659.7),
(1196, 19, 0.06, 390.3),
(1197, 19, 0.00, 415.8),
(1198, 19, 0.06, 470.3),
(1199, 19, 0.06, 452.3),
(1200, 20, 0.30, 475.1),
(1201, 19, 0.44, 553.3),
(1202, 19, 0.06, 388.1),
(1203, 19, 0.00, 357.2),
(1204, 20, 1.00, 658.9),
(1205, 19, 0.00, 292.9),
(1206, 20, 1.00, 660.9),
(1207, 19, 0.00, 338.7),
(1208, 19, 0.06, 411.2),
(1209, 19, 0.00, 350.0),
(1210, 19, 0.00, 281.7),
(1211, 19, 0.00, 272.1),
(1212, 19, 0.00, 342.3),
(1213, 32, 0.00, 268.9),
(1214, 28, 0.05, 271.5),
(1215, 33, 0.00, 447.2),
(1216, 41, 0.07, 432.7),
(1217, 31, 0.07, 482.2),
(1218, 27, 0.00, 373.6),
(1219, 42, 0.38, 538.4),
(1220, 42, 0.08, 495.9),
(1221, 24, 0.00, 407.6),
(1222, 30, 0.21, 484.5),
(1223, 43, 0.00, 340.6),
(1224, 26, 0.00, 389.9),
(1225, 29, 0.00, 476.4),
(1226, 44, 0.00, 458.2),
(1227, 25, 0.00, 391.1);

INSERT INTO `rock` (`level`, `order`, `type`, `rocklevel`, `spawndelay`, `x`, `dir`) VALUES
(24, 11, 'Orange', 1, 10, 350, 1.571),
(24, 10, 'Orange', 1, 0, 200, 1.571),
(24, 9, 'Orange', 1, 10, 400, 1.571),
(24, 8, 'Orange', 1, 0, 150, 1.571),
(24, 7, 'Orange', 1, 10, 450, 1.571),
(24, 6, 'Orange', 1, 0, 500, 1.571),
(24, 5, 'Orange', 1, 5, 100, 1.571),
(24, 4, 'Orange', 2, 10, 300, 1.571),
(24, 3, 'Orange', 1, 0, 450, 2.094),
(24, 2, 'Orange', 1, 10, 150, 1.047),
(24, 1, 'Orange', 1, 0, 500, 2.094),
(24, 0, 'Orange', 1, 0, 100, 1.047),
(26, 1, 'Magnetic', 1, 0, 150, 2.094),
(30, 0, 'Orange', 2, 0, 300, 1.571),
(26, 0, 'Magnetic', 1, 0, 450, 1.047),
(25, 9, 'Orange', 1, 10, 300, 1.571),
(25, 8, 'Orange', 1, 20, 300, 1.571),
(25, 7, 'Orange', 1, 20, 450, 2.094),
(25, 6, 'Orange', 1, 30, 500, 2.094),
(25, 5, 'Orange', 1, 20, 150, 1.047),
(25, 4, 'Orange', 1, 30, 100, 1.047),
(25, 3, 'Orange', 1, 15, 400, 1.571),
(25, 2, 'Orange', 1, 20, 200, 1.571),
(25, 1, 'Orange', 1, 20, 500, 1.571),
(25, 0, 'Orange', 1, 0, 100, 1.571),
(21, 11, 'orange', 1, 5, 100, 0.785),
(21, 10, 'orange', 1, 5, 100, 0.785),
(21, 9, 'orange', 1, 5, 100, 0.785),
(21, 8, 'orange', 1, 5, 100, 2.356),
(21, 7, 'orange', 1, 5, 500, 0.785),
(21, 6, 'orange', 1, 5, 500, 2.356),
(21, 5, 'orange', 1, 5, 100, 0.785),
(21, 4, 'orange', 1, 5, 500, 2.356),
(21, 3, 'orange', 1, 5, 100, 0.785),
(21, 2, 'orange', 1, 5, 500, 2.356),
(21, 1, 'orange', 1, 5, 100, 0.785),
(21, 0, 'orange', 1, 0, 500, 2.356),
(20, 19, 'orange', 1, 0, 520, 1.571),
(20, 18, 'orange', 1, 20, 480, 1.571),
(20, 17, 'orange', 1, 0, 420, 1.571),
(20, 16, 'orange', 1, 20, 380, 1.571),
(20, 15, 'orange', 1, 0, 320, 1.571),
(20, 14, 'orange', 1, 20, 280, 1.571),
(20, 13, 'orange', 1, 0, 220, 1.571),
(20, 12, 'orange', 1, 20, 180, 1.571),
(20, 11, 'orange', 1, 0, 120, 1.571),
(20, 10, 'orange', 1, 40, 80, 1.571),
(20, 9, 'orange', 1, 10, 100, 1.571),
(20, 8, 'orange', 1, 10, 200, 1.571),
(20, 7, 'orange', 1, 10, 300, 1.571),
(20, 6, 'orange', 1, 10, 400, 1.571),
(20, 5, 'orange', 1, 40, 500, 1.571),
(20, 4, 'orange', 1, 10, 500, 1.571),
(20, 3, 'orange', 1, 10, 400, 1.571),
(20, 2, 'orange', 1, 10, 300, 1.571),
(20, 1, 'orange', 1, 10, 200, 1.571),
(20, 0, 'orange', 1, 0, 100, 1.571),
(19, 15, 'orange', 1, 0, 350, 2.094),
(19, 14, 'orange', 1, 20, 450, 0.524),
(19, 13, 'orange', 1, 20, 100, 0.524),
(19, 12, 'orange', 1, 20, 200, 1.571),
(19, 11, 'orange', 1, 0, 350, 2.094),
(19, 10, 'orange', 1, 30, 300, 2.094),
(19, 9, 'orange', 1, 10, 450, 1.047),
(19, 8, 'orange', 1, 5, 350, 0.524),
(19, 7, 'orange', 1, 40, 150, 1.047),
(19, 6, 'orange', 1, 10, 150, 0.524),
(19, 5, 'orange', 1, 50, 150, 1.047),
(19, 4, 'orange', 1, 20, 200, 0.524),
(19, 3, 'orange', 1, 20, 400, 1.571),
(19, 2, 'orange', 1, 40, 400, 2.618),
(19, 1, 'orange', 1, 10, 250, 2.618),
(19, 0, 'orange', 2, 0, 500, 2.094),
(21, 12, 'orange', 1, 5, 100, 2.356),
(21, 13, 'orange', 1, 5, 100, 2.356),
(21, 14, 'orange', 1, 15, 100, 2.356),
(21, 15, 'orange', 1, 5, 200, 2.356),
(21, 16, 'orange', 1, 5, 300, 2.356),
(21, 17, 'orange', 1, 5, 400, 2.356),
(21, 18, 'orange', 1, 50, 500, 2.356),
(21, 19, 'orange', 1, 10, 500, 0.785),
(21, 20, 'orange', 1, 5, 400, 0.785),
(21, 21, 'orange', 1, 5, 300, 0.785),
(21, 22, 'orange', 1, 5, 200, 0.785),
(21, 23, 'orange', 1, 5, 100, 0.785),
(22, 0, 'magnetic', 1, 0, 500, 0.524),
(22, 1, 'magnetic', 1, 20, 450, 2.094),
(22, 2, 'magnetic', 1, 50, 450, 1.571),
(22, 3, 'magnetic', 1, 50, 150, 0.524),
(22, 4, 'magnetic', 1, 10, 350, 1.047),
(22, 5, 'magnetic', 1, 40, 300, 2.094),
(22, 6, 'magnetic', 1, 5, 200, 2.094),
(22, 7, 'magnetic', 1, 5, 100, 2.618),
(22, 8, 'magnetic', 1, 30, 350, 2.618),
(22, 9, 'magnetic', 1, 0, 200, 1.047),
(22, 10, 'magnetic', 1, 20, 350, 2.618),
(22, 11, 'magnetic', 1, 10, 500, 2.618),
(22, 12, 'magnetic', 1, 10, 300, 2.618),
(22, 13, 'magnetic', 2, 40, 500, 1.047),
(24, 12, 'Orange', 1, 0, 250, 1.571),
(24, 13, 'Orange', 2, 10, 300, 1.571),
(26, 2, 'Magnetic', 1, 40, 500, 2.094),
(26, 3, 'Magnetic', 1, 0, 100, 1.047),
(26, 4, 'Magnetic', 2, 10, 300, 2.094),
(26, 5, 'Magnetic', 1, 20, 150, 1.047),
(26, 6, 'Magnetic', 1, 0, 500, 2.094),
(26, 7, 'Magnetic', 1, 5, 400, 1.571),
(26, 8, 'Magnetic', 1, 5, 200, 1.571),
(26, 9, 'Magnetic', 2, 50, 100, 0.524),
(27, 0, 'Fast', 1, 0, 300, 1.571),
(27, 1, 'Fast', 1, 10, 400, 1.571),
(27, 2, 'Fast', 1, 10, 200, 1.571),
(27, 3, 'Fast', 1, 20, 100, 0.524),
(27, 4, 'Fast', 1, 5, 200, 0.524),
(27, 5, 'Fast', 2, 30, 500, 1.571),
(27, 6, 'Orange', 1, 10, 250, 1.047),
(27, 7, 'Orange', 1, 10, 350, 2.094),
(27, 8, 'Orange', 1, 10, 150, 1.571),
(27, 9, 'Orange', 1, 10, 450, 1.571),
(27, 10, 'Orange', 2, 20, 100, 1.047),
(27, 11, 'Magnetic', 1, 30, 250, 0.524),
(27, 12, 'Magnetic', 1, 0, 350, 2.618),
(27, 13, 'Fast', 2, 20, 300, 1.571),
(28, 0, 'Orange', 1, 0, 300, 1.571),
(28, 1, 'Orange', 1, 10, 100, 1.047),
(28, 2, 'Orange', 1, 20, 500, 2.094),
(28, 3, 'Orange', 1, 10, 450, 2.094),
(28, 4, 'Orange', 1, 20, 100, 1.047),
(28, 5, 'Orange', 1, 20, 150, 1.047),
(28, 6, 'Orange', 1, 30, 350, 2.094),
(28, 7, 'Orange', 1, 30, 250, 1.047),
(28, 8, 'Orange', 1, 20, 500, 2.618),
(28, 9, 'Orange', 1, 15, 350, 2.094),
(28, 10, 'Orange', 1, 25, 150, 1.571),
(28, 11, 'Orange', 1, 20, 250, 1.571),
(28, 12, 'Orange', 1, 20, 450, 1.571),
(28, 13, 'Orange', 1, 20, 250, 1.571),
(28, 14, 'Orange', 1, 10, 300, 1.571),
(28, 15, 'Orange', 1, 10, 350, 1.571),
(28, 16, 'Orange', 1, 10, 300, 1.571),
(28, 17, 'Orange', 1, 10, 250, 1.571),
(28, 18, 'Orange', 1, 10, 300, 2.094),
(28, 19, 'Orange', 1, 10, 300, 1.047),
(28, 20, 'Orange', 2, 30, 300, 1.571),
(29, 0, 'Orange', 2, 0, 500, 2.094),
(29, 1, 'Orange', 2, 10, 100, 1.047),
(29, 2, 'Fast', 2, 10, 150, 1.047),
(29, 3, 'Fast', 2, 10, 450, 2.094),
(29, 4, 'Fast', 2, 10, 300, 1.571),
(29, 5, 'Magnetic', 2, 10, 200, 1.571),
(29, 6, 'Magnetic', 2, 10, 400, 1.571),
(29, 7, 'Orange', 1, 10, 250, 1.571),
(29, 8, 'Orange', 1, 10, 350, 1.571),
(29, 9, 'Orange', 1, 10, 500, 2.618),
(29, 10, 'Orange', 1, 10, 100, 0.524),
(29, 11, 'Orange', 1, 10, 300, 1.571),
(29, 12, 'Orange', 2, 10, 300, 1.571),
(30, 1, 'Orange', 2, 10, 400, 1.571),
(30, 2, 'Orange', 2, 10, 400, 2.618),
(30, 3, 'Magnetic', 1, 10, 200, 1.571),
(30, 4, 'Orange', 1, 20, 250, 1.571),
(30, 5, 'Orange', 1, 15, 100, 1.571),
(30, 6, 'Orange', 1, 20, 250, 0.524),
(30, 7, 'Magnetic', 2, 10, 250, 1.047),
(30, 8, 'Fast', 1, 10, 100, 1.571),
(30, 9, 'Fast', 1, 10, 100, 1.047),
(30, 10, 'Fast', 1, 10, 450, 1.571),
(30, 11, 'Fast', 1, 10, 400, 1.571),
(30, 12, 'Fast', 1, 10, 400, 1.571),
(30, 13, 'Fast', 1, 10, 400, 1.571),
(31, 0, 'Orange', 1, 0, 100, 1.047),
(31, 1, 'Orange', 1, 20, 500, 2.094),
(31, 2, 'Orange', 1, 20, 250, 1.047),
(31, 3, 'Orange', 1, 20, 350, 2.094),
(31, 4, 'Orange', 1, 15, 300, 1.571),
(31, 5, 'Orange', 1, 15, 150, 2.094),
(31, 6, 'Orange', 1, 10, 450, 1.047),
(31, 7, 'Orange', 1, 0, 450, 0.524),
(31, 8, 'Orange', 1, 20, 150, 2.618),
(31, 9, 'Orange', 1, 0, 100, 1.047),
(31, 10, 'Orange', 1, 10, 350, 1.047),
(31, 11, 'Orange', 1, 10, 250, 2.094),
(31, 12, 'Orange', 1, 0, 300, 1.571),
(31, 13, 'Orange', 2, 20, 150, 0.524),
(32, 0, 'Orange', 1, 0, 500, 2.094),
(32, 1, 'Orange', 1, 10, 150, 2.094),
(32, 2, 'Orange', 1, 10, 250, 1.047),
(32, 3, 'Orange', 1, 20, 400, 2.094),
(32, 4, 'Orange', 1, 20, 300, 1.571),
(32, 5, 'Orange', 2, 30, 200, 1.047),
(32, 6, 'Orange', 1, 15, 400, 2.094),
(32, 7, 'Orange', 1, 20, 500, 1.571),
(32, 8, 'Orange', 1, 30, 150, 2.094),
(32, 9, 'Orange', 1, 20, 500, 0.524),
(32, 10, 'Orange', 1, 30, 350, 2.618),
(32, 11, 'Orange', 1, 20, 250, 1.571),
(32, 12, 'Orange', 1, 20, 400, 1.571),
(32, 13, 'Orange', 1, 30, 150, 1.571),
(32, 14, 'Orange', 2, 40, 150, 1.047),
(33, 0, 'Orange', 1, 0, 200, 1.571),
(33, 1, 'Orange', 1, 20, 500, 1.571),
(33, 2, 'Orange', 1, 20, 400, 1.571),
(33, 3, 'Orange', 1, 15, 150, 1.571),
(33, 4, 'Orange', 1, 15, 300, 1.571),
(33, 5, 'Orange', 1, 15, 450, 1.571),
(33, 6, 'Orange', 2, 15, 100, 1.571),
(33, 7, 'Orange', 1, 40, 400, 1.571),
(33, 8, 'Orange', 1, 10, 500, 1.571),
(33, 9, 'Orange', 1, 10, 150, 1.571),
(33, 10, 'Orange', 1, 5, 250, 1.571),
(33, 11, 'Orange', 1, 5, 400, 1.571),
(33, 12, 'Orange', 1, 0, 200, 1.571),
(33, 13, 'Orange', 1, 0, 300, 1.571),
(42, 9, 'Fast', 1, 20, 100, 1.047),
(42, 8, 'Orange', 2, 0, 300, 2.618),
(42, 7, 'Orange', 2, 20, 300, 0.524),
(42, 6, 'Orange', 2, 0, 300, 2.094),
(42, 5, 'Orange', 2, 20, 300, 1.047),
(42, 4, 'Orange', 2, 10, 300, 1.571),
(42, 3, 'Orange', 1, 0, 250, 2.094),
(42, 2, 'Orange', 1, 5, 350, 1.047),
(42, 1, 'Orange', 1, 0, 400, 1.047),
(42, 0, 'Orange', 1, 0, 200, 2.094),
(41, 0, 'Orange', 1, 0, 200, 1.571),
(41, 1, 'Orange', 1, 10, 500, 2.094),
(41, 2, 'Orange', 1, 10, 150, 1.047),
(41, 3, 'Orange', 1, 10, 400, 1.571),
(41, 4, 'Orange', 1, 10, 300, 1.571),
(41, 5, 'Orange', 1, 10, 200, 1.571),
(41, 6, 'Orange', 1, 10, 350, 1.571),
(41, 7, 'Orange', 1, 10, 450, 1.571),
(41, 8, 'Orange', 1, 10, 250, 1.571),
(41, 9, 'Orange', 1, 10, 200, 1.571),
(41, 10, 'Orange', 1, 10, 350, 1.571),
(41, 11, 'Orange', 1, 10, 450, 1.571),
(41, 12, 'Orange', 1, 10, 350, 1.571),
(41, 13, 'Orange', 1, 10, 250, 1.571),
(41, 14, 'Orange', 1, 10, 450, 1.571),
(42, 10, 'Fast', 1, 0, 500, 2.094),
(42, 11, 'Fast', 1, 20, 400, 1.571),
(42, 12, 'Fast', 1, 0, 200, 1.571),
(43, 0, 'Orange', 1, 0, 300, 1.571),
(43, 1, 'Orange', 1, 10, 300, 1.571),
(43, 2, 'Orange', 1, 10, 300, 1.571),
(43, 3, 'Orange', 1, 10, 300, 1.571),
(43, 4, 'Orange', 1, 10, 300, 1.571),
(43, 5, 'Orange', 1, 10, 300, 1.571),
(43, 6, 'Orange', 1, 10, 300, 1.571),
(43, 7, 'Orange', 1, 10, 300, 1.571),
(43, 8, 'Orange', 1, 10, 300, 1.571),
(43, 9, 'Orange', 1, 10, 300, 1.571),
(44, 0, 'Orange', 3, 0, 300, 1.571),
(44, 1, 'Orange', 3, 10, 250, 1.047),
(44, 2, 'Orange', 3, 10, 400, 2.094),
(44, 3, 'Orange', 3, 10, 250, 1.047),
(44, 4, 'Orange', 3, 10, 350, 1.571),
(44, 5, 'Orange', 3, 10, 350, 1.571),
(44, 6, 'Orange', 3, 10, 350, 1.571),
(44, 7, 'Orange', 3, 10, 350, 1.571),
(44, 8, 'Orange', 3, 10, 350, 1.571),
(44, 9, 'Orange', 3, 10, 350, 1.571);

/*!40101 SET CHARACTER_SET_CLIENT=@OLD_CHARACTER_SET_CLIENT */;
/*!40101 SET CHARACTER_SET_RESULTS=@OLD_CHARACTER_SET_RESULTS */;
/*!40101 SET COLLATION_CONNECTION=@OLD_COLLATION_CONNECTION */;
